epoch,time,train/box_loss,train/seg_loss,train/cls_loss,train/dfl_loss,train/sem_loss,metrics/precision(B),metrics/recall(B),metrics/mAP50(B),metrics/mAP50-95(B),metrics/precision(M),metrics/recall(M),metrics/mAP50(M),metrics/mAP50-95(M),val/box_loss,val/seg_loss,val/cls_loss,val/dfl_loss,val/sem_loss,lr/pg0,lr/pg1,lr/pg2
1,86.5696,2.13136,2.57647,3.43216,1.35532,0,0.07152,0.58145,0.25315,0.08396,0.06134,0.49875,0.18313,0.03933,2.21473,2.83655,3.94862,1.38874,0,0.000660131,0.000660131,0.0676536
2,131.152,1.89713,1.97222,1.83411,1.23625,0,0.50502,0.5549,0.50468,0.20578,0.50251,0.54935,0.48528,0.14545,1.82902,1.88528,1.83125,1.21871,0,0.00132676,0.00132676,0.0349869
3,171.571,1.89106,1.88783,1.79693,1.22788,0,0.60336,0.5614,0.56634,0.22488,0.59232,0.58897,0.59588,0.18657,1.83153,1.70525,3.08989,1.27482,0,0.00199335,0.00199335,0.00232015
4,251.116,1.84345,1.86295,1.72127,1.21504,0,0.4193,0.5972,0.44173,0.19445,0.42539,0.60401,0.4507,0.13182,1.72753,1.66182,2.11895,1.21383,0,0.0019998,0.0019998,0.0019998
5,288.9,1.82174,1.8166,1.68194,1.20109,0,0.57827,0.56391,0.53285,0.22763,0.58598,0.57143,0.52628,0.16119,1.73038,1.65099,3.12045,1.22603,0,0.00199958,0.00199958,0.00199958
6,353.561,1.78534,1.77701,1.58748,1.16232,0,0.6392,0.63494,0.63047,0.27118,0.61661,0.62479,0.61318,0.18321,1.68877,1.60757,1.47503,1.19259,0,0.00199944,0.00199944,0.00199944
7,403.457,1.72954,1.74207,1.53102,1.15965,0,0.62295,0.61404,0.63028,0.28472,0.64483,0.61905,0.62815,0.20872,1.7092,1.56135,1.47346,1.21309,0,0.00199916,0.00199916,0.00199916
8,449.021,1.75252,1.73563,1.58441,1.1731,0,0.67122,0.67419,0.68811,0.29967,0.66071,0.67419,0.67056,0.22204,1.75193,1.55619,1.51422,1.22227,0,0.00199891,0.00199891,0.00199891
9,505.794,1.6989,1.69481,1.44028,1.13502,0,0.64172,0.70175,0.66365,0.30269,0.66974,0.71178,0.69084,0.22373,1.68764,1.57,1.79658,1.18906,0,0.00199865,0.00199865,0.00199865
10,542.688,1.68286,1.6688,1.45453,1.13259,0,0.62501,0.71429,0.68327,0.32533,0.67547,0.66917,0.67561,0.2133,1.64845,1.52629,1.37655,1.15215,0,0.00199829,0.00199829,0.00199829
11,579.315,1.6856,1.65786,1.44055,1.11995,0,0.63916,0.69424,0.6919,0.33067,0.69224,0.65664,0.69963,0.21377,1.64493,1.59272,1.38087,1.16541,0,0.00199803,0.00199803,0.00199803
12,648.67,1.67142,1.67275,1.39216,1.1269,0,0.6671,0.69811,0.72322,0.33689,0.66751,0.68932,0.6957,0.21908,1.64428,1.61893,1.42123,1.14554,0,0.00199775,0.00199775,0.00199775
13,685.718,1.68853,1.64915,1.4021,1.13619,0,0.67034,0.73434,0.71598,0.30881,0.68786,0.72903,0.72784,0.22108,1.66633,1.53109,1.58712,1.15981,0,0.00199719,0.00199719,0.00199719
14,723.619,1.69042,1.68444,1.43324,1.14453,0,0.68908,0.70927,0.72156,0.33766,0.71261,0.71429,0.73262,0.23659,1.65226,1.606,1.28851,1.15748,0,0.00199685,0.00199685,0.00199685
15,769.203,1.65159,1.62689,1.39128,1.13074,0,0.64832,0.69925,0.72062,0.34361,0.69694,0.68421,0.70508,0.24026,1.58951,1.56954,1.35128,1.14967,0,0.0019965,0.0019965,0.0019965
16,806.048,1.64084,1.58552,1.37661,1.12911,0,0.67373,0.72455,0.71785,0.32867,0.67148,0.7193,0.68972,0.22305,1.63106,1.56725,1.29655,1.15585,0,0.00199604,0.00199604,0.00199604
17,873.577,1.66741,1.6569,1.37629,1.14646,0,0.69303,0.74687,0.74047,0.35,0.69144,0.73434,0.7119,0.22477,1.61465,1.54112,1.3219,1.15198,0,0.00199565,0.00199565,0.00199565
18,913.707,1.66677,1.65623,1.36628,1.11323,0,0.6546,0.72431,0.70034,0.34231,0.65177,0.7193,0.68836,0.21811,1.62944,1.51541,1.2806,1.14753,0,0.0019949,0.0019949,0.0019949
19,958.549,1.60081,1.63788,1.31598,1.10856,0,0.71752,0.73845,0.75192,0.36784,0.71577,0.71952,0.74982,0.24172,1.56683,1.50252,1.25738,1.13736,0,0.00199441,0.00199441,0.00199441
20,1010.61,1.62199,1.62995,1.28903,1.10704,0,0.694,0.66416,0.7003,0.34414,0.70545,0.66667,0.69265,0.22407,1.57625,1.50298,1.3466,1.14802,0,0.00199387,0.00199387,0.00199387
21,1061.57,1.59199,1.61363,1.29396,1.09739,0,0.69836,0.72932,0.75041,0.35237,0.71676,0.72936,0.73955,0.23326,1.61997,1.48138,1.23017,1.14111,0,0.00199318,0.00199318,0.00199318
22,1111.6,1.58971,1.57261,1.30636,1.10852,0,0.64505,0.71429,0.71127,0.36526,0.65001,0.71429,0.71713,0.26516,1.50995,1.52533,1.24417,1.10326,0,0.00199245,0.00199245,0.00199245
23,1148.65,1.62806,1.60428,1.28451,1.10176,0,0.67448,0.71664,0.72891,0.34798,0.70643,0.7193,0.7396,0.2461,1.58533,1.53094,1.31695,1.12298,0,0.00199175,0.00199175,0.00199175
24,1187.09,1.62074,1.58966,1.27898,1.10512,0,0.73476,0.70426,0.76252,0.37557,0.72227,0.6817,0.73694,0.2617,1.58745,1.52299,1.20429,1.12977,0,0.00199118,0.00199118,0.00199118
25,1226.58,1.6049,1.57945,1.25351,1.09469,0,0.72368,0.74687,0.77422,0.37215,0.72643,0.73935,0.7469,0.23843,1.61976,1.49151,1.27088,1.13145,0,0.00199058,0.00199058,0.00199058
26,1266.87,1.59928,1.59244,1.25551,1.11537,0,0.69382,0.73832,0.76864,0.38066,0.70324,0.74835,0.7769,0.25233,1.58641,1.48342,1.27437,1.13114,0,0.00198996,0.00198996,0.00198996
27,1305.67,1.5499,1.59206,1.23205,1.07973,0,0.71333,0.68421,0.74496,0.36384,0.72048,0.68922,0.73825,0.24077,1.53804,1.46208,1.31038,1.11179,0,0.0019893,0.0019893,0.0019893
28,1345.83,1.59921,1.573,1.21485,1.09338,0,0.69204,0.71679,0.74007,0.3519,0.68988,0.72431,0.73254,0.23527,1.59549,1.52195,1.35378,1.15988,0,0.00198862,0.00198862,0.00198862
29,1418.47,1.58865,1.58934,1.26891,1.1066,0,0.70235,0.68011,0.72654,0.35037,0.71458,0.68421,0.71657,0.25098,1.57657,1.46643,1.33189,1.16346,0,0.0019879,0.0019879,0.0019879
30,1457.99,1.56364,1.53544,1.24115,1.08843,0,0.71624,0.75188,0.76132,0.37571,0.72002,0.7594,0.74255,0.25116,1.57415,1.47753,1.22362,1.1216,0,0.00198655,0.00198655,0.00198655
31,1495.52,1.56706,1.54947,1.21415,1.08463,0,0.69184,0.74937,0.77213,0.38194,0.70526,0.71178,0.73792,0.24778,1.5742,1.45456,1.29959,1.14415,0,0.00198581,0.00198581,0.00198581
32,1534.43,1.60207,1.55787,1.21897,1.10096,0,0.7458,0.73684,0.76877,0.36353,0.75151,0.73183,0.76122,0.2446,1.59405,1.51368,1.37639,1.15004,0,0.00198507,0.00198507,0.00198507
33,1571.48,1.59229,1.5504,1.2264,1.08658,0,0.67764,0.72178,0.72436,0.35842,0.68584,0.71679,0.73805,0.23231,1.61222,1.51389,1.23207,1.139,0,0.00198426,0.00198426,0.00198426
34,1608.96,1.54988,1.5254,1.19626,1.08056,0,0.71291,0.74684,0.7704,0.37922,0.71017,0.70624,0.75016,0.24984,1.61343,1.48214,1.20227,1.15814,0,0.0019835,0.0019835,0.0019835
35,1646.12,1.56522,1.53999,1.17074,1.07847,0,0.75074,0.74185,0.77883,0.3817,0.72791,0.7193,0.73782,0.25657,1.58979,1.45778,1.13379,1.13802,0,0.00198273,0.00198273,0.00198273
36,1683.45,1.55324,1.56478,1.20149,1.07177,0,0.66734,0.67669,0.69186,0.33018,0.718,0.68421,0.70963,0.23376,1.60962,1.54882,1.32582,1.16816,0,0.00198189,0.00198189,0.00198189
37,1720.51,1.52567,1.53155,1.16641,1.06315,0,0.74233,0.73434,0.77977,0.37383,0.71149,0.74166,0.75822,0.24624,1.63702,1.51914,1.18924,1.14954,0,0.00198111,0.00198111,0.00198111
38,1757.52,1.55571,1.5409,1.19039,1.07119,0,0.67055,0.72431,0.72403,0.36626,0.70511,0.7431,0.75122,0.26392,1.56436,1.46155,1.21034,1.12408,0,0.00198025,0.00198025,0.00198025
39,1794.5,1.56425,1.59113,1.19215,1.07329,0,0.64959,0.72015,0.73005,0.35858,0.65499,0.73274,0.73594,0.24657,1.57383,1.52027,1.35616,1.13386,0,0.00197939,0.00197939,0.00197939
40,1836.39,1.55636,1.53434,1.1751,1.07224,0,0.66738,0.74937,0.74092,0.36195,0.69277,0.71679,0.73666,0.24651,1.60909,1.52044,1.18735,1.12645,0,0.00197851,0.00197851,0.00197851
41,1873.34,1.54882,1.56776,1.17773,1.07431,0,0.72788,0.6817,0.74766,0.37031,0.78125,0.64411,0.71329,0.24672,1.55732,1.45009,1.17779,1.12449,0,0.00197755,0.00197755,0.00197755
42,1910.39,1.53242,1.51288,1.14951,1.07048,0,0.71843,0.70927,0.74956,0.3758,0.7248,0.73268,0.7626,0.2487,1.57212,1.47971,1.19783,1.13664,0,0.00197658,0.00197658,0.00197658
43,1947.19,1.53251,1.54682,1.169,1.07408,0,0.75113,0.77945,0.78207,0.38421,0.73879,0.7594,0.75009,0.25983,1.57513,1.48693,1.1934,1.12536,0,0.00197568,0.00197568,0.00197568
44,1984.37,1.53363,1.55209,1.18668,1.06569,0,0.70931,0.73684,0.76715,0.37768,0.71097,0.74185,0.75372,0.25451,1.55551,1.45874,1.22018,1.10531,0,0.00197476,0.00197476,0.00197476
45,2023,1.54183,1.50598,1.13886,1.07046,0,0.68732,0.77193,0.78399,0.39641,0.72557,0.74937,0.76194,0.26514,1.53047,1.45276,1.14406,1.11476,0,0.00197376,0.00197376,0.00197376
46,2060.58,1.52458,1.50596,1.1629,1.06338,0,0.67903,0.74761,0.7725,0.39157,0.7498,0.72855,0.80212,0.279,1.53182,1.45886,1.2754,1.12281,0,0.00197274,0.00197274,0.00197274
47,2097.45,1.52352,1.50865,1.11721,1.0635,0,0.74381,0.74949,0.79354,0.38596,0.75266,0.73977,0.78268,0.24858,1.60575,1.50314,1.11957,1.13676,0,0.00197171,0.00197171,0.00197171
48,2164.62,1.51687,1.47025,1.12066,1.06219,0,0.67589,0.79699,0.79574,0.40061,0.7246,0.73684,0.75936,0.2651,1.5575,1.48978,1.1003,1.12741,0,0.00197066,0.00197066,0.00197066
49,2201.78,1.5282,1.52654,1.16197,1.07493,0,0.71228,0.75075,0.75661,0.38001,0.7284,0.74609,0.75943,0.25524,1.55042,1.44376,1.17708,1.13455,0,0.00196879,0.00196879,0.00196879
50,2238.85,1.50397,1.50352,1.12624,1.05753,0,0.7254,0.74937,0.76744,0.38981,0.7326,0.75439,0.77529,0.26349,1.57716,1.50522,1.19204,1.15128,0,0.0019677,0.0019677,0.0019677
51,2275.97,1.50931,1.541,1.11111,1.06186,0,0.73944,0.74687,0.7899,0.39338,0.73793,0.75188,0.78385,0.26795,1.5714,1.45134,1.17053,1.13846,0,0.0019666,0.0019666,0.0019666
52,2319.2,1.51763,1.53489,1.11513,1.05585,0,0.74654,0.76692,0.80327,0.39895,0.8179,0.72682,0.79885,0.28428,1.59206,1.46063,1.05597,1.15866,0,0.00196549,0.00196549,0.00196549
53,2356.09,1.50842,1.50479,1.09919,1.06008,0,0.72712,0.78803,0.79879,0.39631,0.78822,0.75558,0.80961,0.27684,1.57596,1.44898,1.10205,1.12972,0,0.00196425,0.00196425,0.00196425
54,2393.14,1.48379,1.47355,1.09795,1.0562,0,0.74161,0.80563,0.80343,0.40067,0.75736,0.79795,0.79001,0.27333,1.57367,1.44669,1.10158,1.12485,0,0.00196311,0.00196311,0.00196311
55,2430.4,1.52462,1.4958,1.10193,1.0583,0,0.73763,0.77193,0.78358,0.38977,0.72622,0.75787,0.75994,0.24552,1.54338,1.45557,1.11487,1.13195,0,0.00196196,0.00196196,0.00196196
56,2467.38,1.5026,1.50999,1.11294,1.05678,0,0.69225,0.6817,0.68206,0.31791,0.7226,0.69424,0.71666,0.23078,1.66098,1.52643,1.26052,1.17685,0,0.00196068,0.00196068,0.00196068
57,2504.2,1.49571,1.50651,1.1047,1.06217,0,0.74919,0.77109,0.80138,0.38355,0.73645,0.75638,0.78126,0.27008,1.58158,1.46988,1.1757,1.13717,0,0.00195951,0.00195951,0.00195951
58,2541.36,1.51386,1.47624,1.07041,1.0529,0,0.68283,0.76441,0.75694,0.36766,0.7258,0.72973,0.73315,0.24582,1.59459,1.46662,1.24345,1.14116,0,0.00195833,0.00195833,0.00195833
59,2595.51,1.48023,1.52102,1.09623,1.04667,0,0.76076,0.75714,0.79805,0.38982,0.7692,0.75188,0.77706,0.24478,1.58443,1.47196,1.10213,1.13677,0,0.00195714,0.00195714,0.00195714
60,2632.39,1.49354,1.53809,1.09536,1.05887,0,0.73703,0.7619,0.78959,0.40307,0.75828,0.7594,0.78292,0.26652,1.56706,1.48295,1.07777,1.12653,0,0.00195523,0.00195523,0.00195523
61,2669.51,1.52375,1.49632,1.10176,1.05686,0,0.74479,0.75336,0.78766,0.38625,0.74009,0.73505,0.7405,0.238,1.57503,1.47294,1.14675,1.13364,0,0.00195401,0.00195401,0.00195401
62,2717.59,1.45905,1.46364,1.0619,1.03755,0,0.74194,0.78544,0.7965,0.39557,0.75801,0.75366,0.77572,0.25628,1.57714,1.44928,1.07305,1.13088,0,0.00195263,0.00195263,0.00195263
63,2765.86,1.47954,1.47273,1.07317,1.05175,0,0.74499,0.76692,0.78188,0.38102,0.74836,0.76942,0.75716,0.2554,1.55984,1.4639,1.32482,1.12313,0,0.00195092,0.00195092,0.00195092
64,2804.81,1.50349,1.49482,1.10063,1.05697,0,0.77777,0.7619,0.8139,0.39942,0.77047,0.7619,0.78917,0.25774,1.56623,1.47335,1.07058,1.14244,0,0.00194917,0.00194917,0.00194917
65,2844.48,1.45574,1.47417,1.0504,1.04366,0,0.72223,0.74939,0.78461,0.3975,0.75107,0.7619,0.79717,0.27408,1.5405,1.4664,1.19323,1.11718,0,0.0019479,0.0019479,0.0019479
66,2908.04,1.48098,1.44108,1.03369,1.04113,0,0.73736,0.81203,0.81322,0.41304,0.73742,0.80702,0.78428,0.2633,1.55089,1.44975,1.06845,1.13547,0,0.00194627,0.00194627,0.00194627
67,2945.18,1.49168,1.47733,1.06136,1.04648,0,0.69883,0.79449,0.78569,0.3996,0.71051,0.7689,0.76608,0.27527,1.56476,1.4347,1.13099,1.13597,0,0.0019439,0.0019439,0.0019439
68,2982.28,1.48699,1.47828,1.10436,1.05215,0,0.77168,0.73697,0.80262,0.42004,0.75814,0.71679,0.76604,0.26284,1.49791,1.45622,1.0902,1.11185,0,0.00194258,0.00194258,0.00194258
69,3023.81,1.46204,1.45928,1.05768,1.04324,0,0.7686,0.75754,0.79364,0.3991,0.76867,0.75689,0.78425,0.26003,1.56379,1.46171,1.07856,1.12486,0,0.00194106,0.00194106,0.00194106
70,3060.92,1.44812,1.43589,1.02413,1.03617,0,0.70641,0.81409,0.8154,0.42518,0.73174,0.79198,0.8138,0.28008,1.51174,1.42999,1.09468,1.11394,0,0.00193953,0.00193953,0.00193953
71,3140.38,1.46088,1.45695,1.04396,1.04565,0,0.7503,0.81955,0.81892,0.41019,0.76616,0.78009,0.80426,0.27515,1.58242,1.43788,1.02671,1.14769,0,0.00193798,0.00193798,0.00193798
72,3177.26,1.45976,1.47357,1.02772,1.0396,0,0.75033,0.73815,0.7867,0.39294,0.78732,0.74225,0.77479,0.23907,1.57365,1.49386,1.12077,1.14654,0,0.00193476,0.00193476,0.00193476
73,3214.86,1.47223,1.45792,1.03583,1.04038,0,0.77717,0.79546,0.79984,0.4037,0.7817,0.78195,0.797,0.27624,1.57243,1.44527,1.04085,1.13182,0,0.00193315,0.00193315,0.00193315
74,3252.46,1.44522,1.45096,1.01136,1.03358,0,0.74692,0.78195,0.80973,0.4087,0.76005,0.78591,0.79822,0.26753,1.5601,1.46255,1.07746,1.13531,0,0.00193174,0.00193174,0.00193174
75,3321.81,1.46831,1.44096,1.01025,1.04449,0,0.7421,0.78195,0.79544,0.40463,0.76095,0.78947,0.79277,0.2801,1.54427,1.43667,1.08878,1.13298,0,0.00193011,0.00193011,0.00193011
76,3365.61,1.46606,1.43383,1.04384,1.03936,0,0.73709,0.82206,0.81639,0.39799,0.74882,0.81704,0.79598,0.2629,1.57462,1.44869,1.09214,1.13154,0,0.00192706,0.00192706,0.00192706
77,3413.2,1.47195,1.45578,1.02251,1.03992,0,0.71876,0.77504,0.78999,0.39726,0.71556,0.74185,0.75241,0.24466,1.59294,1.4479,1.06189,1.12674,0,0.00192513,0.00192513,0.00192513
78,3480.73,1.46702,1.46127,1.01001,1.02712,0,0.7385,0.80689,0.80768,0.40873,0.74073,0.78763,0.79547,0.25979,1.53702,1.44523,1.07868,1.10133,0,0.00192317,0.00192317,0.00192317
79,3547.08,1.44446,1.46224,0.99736,1.0292,0,0.79702,0.80451,0.82321,0.40794,0.79538,0.77444,0.79437,0.26678,1.58172,1.45154,1.04334,1.14081,0,0.0019199,0.0019199,0.0019199
80,3583.41,1.45343,1.45574,1.00906,1.05108,0,0.74319,0.78195,0.79176,0.39711,0.73585,0.761,0.75152,0.25594,1.55464,1.44433,1.08968,1.12816,0,0.00191705,0.00191705,0.00191705
81,3632.93,1.4562,1.42474,1.01362,1.03673,0,0.75294,0.79449,0.7936,0.39901,0.74973,0.79585,0.77761,0.24907,1.55453,1.43494,1.10693,1.13055,0,0.00191525,0.00191525,0.00191525
82,3670.16,1.43698,1.44651,1.00874,1.03358,0,0.74726,0.7929,0.80401,0.40013,0.73955,0.78281,0.77185,0.26345,1.57174,1.45453,1.03491,1.13572,0,0.00191286,0.00191286,0.00191286
83,3761.68,1.45975,1.46483,1.0024,1.03415,0,0.76431,0.78024,0.8197,0.4117,0.7612,0.78195,0.81109,0.27484,1.55616,1.40764,1.00211,1.12381,0,0.00191131,0.00191131,0.00191131
84,3822.83,1.43886,1.42772,1.02452,1.03646,0,0.74888,0.77945,0.79486,0.39839,0.76646,0.78446,0.79374,0.26033,1.57517,1.46718,1.12805,1.14568,0,0.00190675,0.00190675,0.00190675
85,3859.38,1.4653,1.49224,1.02622,1.03807,0,0.75723,0.75188,0.78539,0.39845,0.75379,0.74687,0.757,0.23741,1.58659,1.49541,1.1312,1.14014,0,0.0019039,0.0019039,0.0019039
86,3895.94,1.43886,1.45831,0.99124,1.02216,0,0.75638,0.79699,0.8137,0.41216,0.7719,0.77193,0.79111,0.27372,1.55646,1.43242,1.00534,1.1419,0,0.00190196,0.00190196,0.00190196
87,3932.72,1.45447,1.45215,0.98591,1.03363,0,0.7422,0.77207,0.80358,0.40461,0.74943,0.77959,0.78885,0.27075,1.54604,1.41871,1.13104,1.13097,0,0.00190001,0.00190001,0.00190001
88,3978.24,1.44012,1.42276,0.99103,1.03911,0,0.78524,0.76692,0.82387,0.42644,0.75354,0.80461,0.80977,0.27081,1.55291,1.43023,1.01053,1.12069,0,0.00189838,0.00189838,0.00189838
89,4014.88,1.45879,1.4009,0.9816,1.03535,0,0.73573,0.81203,0.80788,0.40826,0.72716,0.78151,0.77303,0.25402,1.53347,1.41881,1.07761,1.12102,0,0.00189608,0.00189608,0.00189608
90,4051.49,1.42549,1.43089,0.99771,1.01893,0,0.76831,0.78957,0.79496,0.38813,0.74503,0.7543,0.74359,0.24808,1.58604,1.43416,1.12239,1.12908,0,0.00189409,0.00189409,0.00189409
91,4121.36,1.43172,1.44302,0.98394,1.02489,0,0.75955,0.80755,0.81507,0.40954,0.75603,0.79221,0.78689,0.27765,1.57572,1.43595,1.01271,1.13746,0,0.0018921,0.0018921,0.0018921
92,4158.04,1.45666,1.43976,1.00218,1.04043,0,0.72767,0.80451,0.78964,0.39517,0.73718,0.76942,0.78264,0.26933,1.56828,1.43961,1.10106,1.14468,0,0.00188864,0.00188864,0.00188864
93,4194.76,1.43391,1.44146,0.99968,1.021,0,0.76378,0.7594,0.79922,0.39352,0.76747,0.72682,0.75996,0.24685,1.54398,1.43684,1.05033,1.11465,0,0.0018866,0.0018866,0.0018866
94,4231.46,1.41634,1.41755,0.97992,1.02475,0,0.77051,0.79939,0.81548,0.39248,0.75311,0.77979,0.77914,0.27502,1.61146,1.42902,1.01792,1.15089,0,0.00188455,0.00188455,0.00188455
95,4268.21,1.42582,1.43358,0.96628,1.02578,0,0.73867,0.80758,0.8046,0.40203,0.80122,0.76776,0.80297,0.26896,1.57028,1.43316,1.02771,1.14966,0,0.00188249,0.00188249,0.00188249
96,4304.79,1.4344,1.47703,0.99101,1.03761,0,0.76121,0.78697,0.81063,0.39828,0.75198,0.77694,0.77463,0.25162,1.57292,1.45111,1.06917,1.13926,0,0.00188042,0.00188042,0.00188042
97,4341.45,1.41063,1.42313,0.95312,1.02084,0,0.72267,0.79677,0.78592,0.37771,0.72354,0.79366,0.78058,0.25937,1.64662,1.43274,1.1275,1.17539,0,0.00187873,0.00187873,0.00187873
98,4407.49,1.43183,1.44608,0.98842,1.03147,0,0.75457,0.80908,0.82387,0.41758,0.72886,0.78151,0.78232,0.27422,1.54834,1.4321,1.05114,1.11421,0,0.00187665,0.00187665,0.00187665
99,4444.13,1.41035,1.48528,0.96044,1.02098,0,0.75298,0.76398,0.78842,0.38361,0.73984,0.75689,0.76302,0.25904,1.62944,1.45295,1.11149,1.16658,0,0.00187292,0.00187292,0.00187292
100,4480.8,1.4009,1.39994,0.94552,1.01387,0,0.73625,0.81704,0.81346,0.40113,0.71943,0.79699,0.78124,0.24194,1.61378,1.45727,1.09186,1.16324,0,0.00187079,0.00187079,0.00187079
101,4518.08,1.39481,1.41015,0.93502,1.01107,0,0.78378,0.77945,0.82296,0.40371,0.78271,0.73935,0.77889,0.25793,1.62384,1.43774,0.99437,1.16508,0,0.00186865,0.00186865,0.00186865
102,4554.81,1.45446,1.42241,0.96419,1.0399,0,0.79402,0.78255,0.83202,0.40298,0.77453,0.78345,0.80226,0.26169,1.55856,1.43925,1.03836,1.14869,0,0.00186651,0.00186651,0.00186651
103,4591.41,1.43002,1.43751,0.96768,1.02352,0,0.78458,0.78697,0.81024,0.40944,0.76759,0.77694,0.77243,0.25334,1.58764,1.44307,1.0278,1.13936,0,0.00186435,0.00186435,0.00186435
104,4701.41,1.41565,1.42179,0.96306,1.02533,0,0.73137,0.77694,0.77694,0.39044,0.74886,0.78947,0.77438,0.26287,1.58249,1.43844,1.02694,1.1482,0,0.00186219,0.00186219,0.00186219
105,4738.05,1.40761,1.41214,0.94903,1.01341,0,0.76117,0.8307,0.81103,0.40687,0.74509,0.81316,0.76098,0.23887,1.55407,1.46819,1.01157,1.14029,0,0.00185588,0.00185588,0.00185588
